ROCstory,Inhouse Interestingness Average,Inhouse Creativity Average,Crowdsource Interestingness Average,Crowdsource Creativity Average,Total Interestingness Average,Total Creativity Average,Deltascore(Typo),Deltascore(Jumble),Deltascore(Add_negation),UNIEVAL,CTC,GPTscore_Interestingness,GPTscore_Creativity,StoryER,Deltascore(Engaging Plot transformed),Deltascore(Irony_Transformed),Deltascore(Metaphor and Simile Transformed),Deltascore(Pun Transformed),Deltascore(Sensory Description Transformed),Deltascore(Vivid Writing Style Transformed),ICScore(Llama3 70B),ICScore(Llama3 8B),ICScore(Mistral7B),ICScore(Mixtral 8x7B),ICScore(gemma7b)
Fatima graduated high school. She decided to go to college. Her grades were not good in high school. She went to a community college and did well. She transferred to a large university.,1.5,1.75,2,2.25,1.75,2,3.030544,1.607093,0.169116,0.958811,14.88914,2,2,0.186218,0.686398,1.46656,1.038751,1.427457,1.039017,0.798911,0.715305,0.612175,0.660103,0.561757,0.732174
Kara was on a diet. She had lost a lot of weight. Kara's waist was getting smaller. Her clothes weren't fitting anymore. Kara had to buy new clothes.,1.25,1,1.5,1.75,1.375,1.375,2.901079,1.737729,0.211777,0.993383,16.14194,2,2,0.210135,0.412276,1.368349,1.253588,1.392581,1.343697,1.274761,0.866434,0.518369,0.393211,0.273696,0.546474
Samantha lived by herself in a studio apartment. She got a bill in the mail saying her rent would be increased. Her rent would be increased from $800 a month to $1600. Samantha couldn't afford the rent increase. Samantha had to move to a cheaper apartment.,2,2,3,1.75,2.5,1.875,2.76374,1.256544,0.095486,0.994883,22.62742,2,2,0.176689,0.38584,1.109695,0.562102,0.641086,0.617236,0.388372,0.820794,0.809008,0.685585,0.57152,0.848991
James flew for the first time in his life. He was very scared. The plane experienced some turbulence. James panicked and started to scream. A flight attendant had to calm him down.,3.25,2.5,2.75,2.75,3,2.625,3.853103,1.642139,0.069501,0.996004,12.33191,2,2,0.166626,0.4659,1.085167,0.853023,0.839703,0.553492,0.892509,0.595677,0.346435,0.421292,0.34808,0.510182
Ned was drinking one night. He decided to drive home from the bar. He thought he was sober enough to make it home. But Ned had overestimated himself. He crashed into a tree two blocks away from the bar.,4,4,1.75,2,2.875,3,3.702658,1.009142,0.030691,0.990755,17.20003,2,2,0.175835,0.449299,1.076362,0.731059,1.056286,0.282111,0.475679,0.61689,0.599926,0.402132,0.410266,0.621435
Cathy went to the doctor to get her foot checked out. The doctor's examination showed that the foot was broken. Cathy had to drive to the orthopedist's office to get a cast. Cathy found it very hard to driving home with a cast. Once she was home she sat in a chair and didn't move for 5 hours.,2.5,2.75,2.25,3.5,2.375,3.125,2.839139,0.884125,0.06134,0.992984,27.03656,2,2,0.213429,0.182736,1.052616,0.307972,0.723671,0.097038,0.318983,0.950209,0.387092,0.576301,0.442298,0.736065
Ronald needed new shoes. So Ronald went to the shoe store. Ronald looked for the right shoes. He found the right shoes. Ronald got the shoes and bought it.,1,1,1,1.75,1,1.375,3.034828,1.172847,0.220224,0.811912,15.58496,2,1,0.161074,0.023009,1.007169,0.322999,0.912282,0.099025,0.255324,0.742464,0.557386,0.663888,0.708762,1.018503
Every year my in-laws take my family to Disney World. We stay at one of the resorts right on the grounds. We visit the parks and stay late every night. By the end of the week we are all exhausted and ready to go home. But we are always ready to go back when the next year rolls around.,2.25,1.75,1.5,2.25,1.875,2,3.197624,0.860773,0.09231,0.998873,24.18821,2,2,0.176265,0.953403,0.978384,1.047717,1.07976,0.790682,0.839009,0.909169,0.506678,0.454841,0.403123,0.675766
.Sarah suffered from anxiety Her therapist recommended she get a cat. Sarah looked up several likely shelters and visited them. Sarah adopted a cat. Sarah is much less anxious now.,1.75,1.5,3.25,2.75,2.5,2.125,3.341228,1.186762,0.092779,0.995223,13.68422,3,2,0.199645,1.273677,0.933804,0.743476,0.673486,1.262083,0.996098,0.69782,0.423949,0.40628,0.42896,0.55164
Megan was excited for prom. She didn't have a date though. Billy asked Megan if she would like to go to prom with him. She happily accepted his invitation. Billy and Megan went to the prom and had a wonderful time.,2,2.5,3.75,3.5,2.875,3,3.543883,1.43241,0.145069,0.997205,18.80785,2,2,0.167361,0.591401,0.909879,0.994233,1.201413,0.654715,0.871491,0.559686,0.589252,0.38099,0.403529,0.530091
Kelly and her friends went on a trip to Dubai. The girls were so excited. The only problem was the long flight. The girls were on the plane for fifteen hours. They couldn't wait to land.,1.5,1.25,2.25,1.25,1.875,1.25,2.903834,1.946499,0.127333,0.994984,13.13566,2,2,0.170736,0.408372,0.866546,0.777341,0.779503,0.466981,0.708427,0.72141,0.518269,0.363279,0.342222,0.594383
I had been wanting a new dog. My current dog was getting old and needed a companion. I had no idea what I wanted. I decided to go to the animal shelter and look around. While there I fell in love with a puppy and took her home.,2,2.25,4.25,3.25,3.125,2.75,3.372473,1.702114,0.1441,0.99781,18.96865,3,2,0.200982,0.763315,0.861015,0.848967,1.171199,0.827931,0.693758,0.549173,0.316786,0.291483,0.326628,0.492709
The family lives down the road from a park. The kids ask Becky to take them there. Becky takes the kids to park to play. They all have a fun time. They can't wait to go again.,1,1,1.75,2.75,1.375,1.875,2.991221,1.052196,0.105748,0.967671,14.92995,2,2,0.158123,0.300792,0.824109,1.193847,0.818051,0.296498,0.313326,0.506955,0.125562,0.15608,0.154217,0.276021
"Cathy loved to play tennis. However, her serve was terrible. She finally decided to start taking lessons. Her swing started to show improvement. Cathy was glad she was able to hit better.",1.25,1.5,1.5,1.5,1.375,1.5,2.523478,0.490417,0.157311,0.997621,17.76108,2,2,0.179056,1.07756,0.823875,0.774145,0.290779,0.610531,0.655883,0.604918,0.36355,0.372297,0.330259,0.315441
Alex was home sick from school. He awoke to see his Grandma in the kitchen. Alex was happy she came to take care of him. Grandma put Vicks on his chest and gave him ginger ale. Grandma was better than dad at taking care of sick kids.,2.25,2.25,3.5,2.5,2.875,2.375,3.309063,1.545085,0.064727,0.988113,22.24983,2,2,0.170679,0.461947,0.778697,0.606169,1.165732,0.26634,0.240325,0.550723,0.502783,0.382866,0.416128,0.43245
"My niece has a 12-year old daughter, Mary. Mary wanted a pet guinea pig. Her mom bought her two. They had six babies. My niece just bought a huge cage to house the guinea pigs.",2,2.5,2.75,2.75,2.375,2.625,4.018321,1.537543,0.111164,0.998803,19.13447,2,2,0.176604,0.354459,0.771147,0.87229,0.978323,0.010965,0.369036,0.418218,0.276173,0.251742,0.289799,0.317982
I had a task to do. It was very complicated. I could not focus on the task. I drank a cup of coffee to help. I was able to work on the task.,1,1,2.75,3,1.875,2,2.934062,1.792728,0.11252,0.966633,12.0088,1,1,0.165804,0.103583,0.76944,0.8114,0.652805,0.090535,0.002209,0.485116,0.137204,0.13715,0.094562,0.107787
"Crystal is a professional babysitter. One day, she had to watch over a pair of rambunctious toddlers. She turned her back for a moment and the kids made a mess. Frustrated, Crystal quickly cleaned up the mess. When the parents got home, Crystal was exhausted from her day.",3.25,2.25,3.5,3.75,3.375,3,4.105156,1.4744,0.059751,0.995383,27.41712,2,2,0.181442,0.45281,0.721036,0.565366,1.002014,0.547084,0.676101,0.507248,0.399261,0.400959,0.255063,0.282729
"Jane worked hard on the big project at work. She needed, but had no help. She hurried to prepare everything Somehow she managed to finish on time. She was relieved when her boss was impressed by her work.",1.25,1.5,3,1.25,2.125,1.375,2.514323,1.196542,0.106754,0.964168,14.0094,2,2,0.184176,0.835916,0.707217,0.699919,0.261717,0.848874,0.585831,0.557669,0.506631,0.556577,0.502325,0.709682
"Tim's tooth was hurting like crazy. He could barely eat or drink. His dentist took a look around in his mouth. One of his teeth was rotten. Once the tooth was pulled, Tim felt fine.",1.75,1.75,2,2.75,1.875,2.25,2.780243,0.982533,0.122853,0.988544,18.262,2,2,0.171245,0.010563,0.698287,0.021426,1.211308,0.239824,0.183098,0.665606,0.537627,0.34269,0.307583,0.440955
"I wanted to go to the movies, and meet up with my friends. My mother said if I finished my chores, she would drop me off. I started to get ready and before I knew it, it was time to go. My mother said, you're not finished with your choirs. I never went, being so excited to get ready, I didn't finish my chores.",3.25,3.75,3,3.25,3.125,3.5,2.519169,1.336025,0.074445,0.973524,28.28297,2,2,0.179608,0.104553,0.680758,0.316696,0.520931,0.530228,0.56438,0.40952,0.475271,0.340962,0.268727,0.258984
Kelly was excited to get a new handbag. She searched everywhere for a black bag. She was very particular. She finally found a Marc Jacobs bag at Bloomingdales. She immediately picked it up.,1.25,1,2.25,2.5,1.75,1.75,3.851896,1.540656,0.099349,0.97673,15.08762,2,2,0.186734,0.330529,0.630878,0.309375,1.232871,0.19229,0.305365,0.481799,0.603437,0.516406,0.484528,0.419108
"Carlos has always been proud of his thick black hair. Unfortunately, he sees that his hair has started to develop dandruff. Carlos goes to the store to buy a special anti-dandruff shampoo. Gradually the dandruff begins to go away. Carlos can finally be proud of his hair again.",3,3.25,3,3,3,3.125,2.977351,0.164635,0.109879,0.996833,24.19116,2,2,0.191032,0.360857,0.618619,0.712343,0.735378,0.476289,0.314351,0.286742,0.34156,0.303638,0.331228,0.295005
"Holly wanted to go to the beach. On the way, she stopped and picked up her boyfriend. Once there, they found a secluded spot away from kids playing. Her boyfriend put lotion on her back. After two hours of tanning, they left to have lunch.",2.25,2.25,3,2.75,2.625,2.5,3.486539,1.047915,0.125871,0.987323,23.58872,3,2,0.185974,0.145903,0.613698,0.291856,1.017131,0.198809,0.339067,0.826639,0.503512,0.410065,0.372297,0.695621
Shane decided to cook some dinner. He made homemade macaroni and cheese. He loved mixing the melted cheese together. He crumbled some bacon on top. It was his secret recipe and it was delicious!,1,1.5,2.5,3.5,1.75,2.5,2.867297,0.929318,0.14101,0.989703,16.76549,3,2,0.178652,0.790251,0.56105,0.135649,0.540166,0.279276,0.322923,0.574597,0.627424,0.564361,0.610981,0.401513
"Maggie read a story in the news about a boy raised by wolves. She thought it was a very interesting story. Using the internet, Maggie found similar stories of other people too. She spent the next hour learning about different feral children. By the end, Maggie was an expert on the topic.",2.75,2.75,3.5,3.25,3.125,3,2.384796,1.791341,0.123163,0.99307,22.74027,3,3,0.200547,0.00011,0.539208,0.412894,0.465492,0.175878,0.459244,0.323579,0.175258,0.156776,0.247412,0.198348
Annie was shopping with friends. She decided to try to steal some clothes. On her way out of the mall she was caught by security. They banned her from the mall for one year. Annie was so sad but her friends vowed to wait it out with her.,4.75,4.75,4.5,2,4.625,3.375,2.89866,1.065778,0.135624,0.994199,16.9088,2,2,0.168486,0.34478,0.5266,0.029274,0.86428,0.464587,0.440701,0.413257,0.841149,0.343223,0.329302,0.272853
Tina moved into the new apartment complex. She had just finished unpacking when she heard some noise. She then saw a mouse scurrying to hide in the bathroom. Tina promptly called the landlord. The landlord called the exterminators to fumigate the unit.,4,3.75,3,3,3.5,3.375,3.44393,1.108614,0.129842,0.996497,22.30204,2,2,0.178079,0.132135,0.526438,0.646456,0.775274,0.249329,0.014426,0.514377,0.438364,0.306852,0.323833,0.532769
"Kat was excited for Christmas. In the weeks before the holiday, she decorated her house. She shopped for gifts for her loved ones. Kat celebrated Christmas with her family and friends. Kat had a fun and festive holiday.",1.25,1,2.75,3.25,2,2.125,2.638092,1.20126,0.248028,0.998011,18.64754,2,2,0.166898,0.325016,0.526381,0.1145,1.300132,0.165785,0.242972,0.524815,0.487212,0.208923,0.216498,0.521796
May moved with her parents to a new city. May was nervous about making new friends in her neighborhood. One day a girl came over and asked May to play with her. May agreed and they spent the day together. Now May and the girl are best friends and May loves her new home.,1.75,1.5,3.25,2.75,2.5,2.125,3.132556,1.570691,0.076674,0.999334,24.51558,3,2,0.158647,0.405072,0.522984,0.662533,1.000394,0.785706,0.28895,0.317756,0.305409,0.163948,0.218406,0.326274
Leroy had a clever idea. He couldn't afford to practice at the batting park. He bought a t-shirt cannon. Leroy leaned back and wound up with his wiffle ball bat. He swung and knocked a t-shirt into the next room.,3.5,3.5,3.25,3.5,3.375,3.5,2.880666,1.579579,0.047976,0.997861,22.94233,3,4,0.197506,1.09029,0.513588,0.212944,0.077605,0.826155,0.49874,0.40291,0.615563,0.427946,0.385088,0.737179
"Scott and his class were about to graduate high school. To celebrate they had taken a field trip to the coast. Scott was enjoying his trip but was excited to get it over with. Soon, the trip came to an end. Scott saw this as the official close to his high school story.",1.75,1,2.5,2.5,2.125,1.75,2.727163,1.283207,0.104249,0.998521,21.85527,2,2,0.172741,1.028887,0.511754,0.361449,0.263968,0.832662,0.495562,0.460516,0.405046,0.19379,0.125925,0.482639
"He had a craving for chicken. He wanted to try the fast food place he saw. He said he didn't agree with their beliefs. Still, he decided to try it. He ate a grilled chicken sandwich and loved it.",2.75,2.75,4,4,3.375,3.375,2.443755,1.566946,0.062318,0.994458,19.10727,2,2,0.179696,0.404944,0.506434,0.1672,0.027903,0.610689,0.143543,0.473982,0.327521,0.341586,0.348159,0.284978
"Bob was walking to his house. He found some money on the street. He decided to turn it into the police station. After thirty days, no one claimed the money. Bob got to keep the money.",3.5,3,3,2.75,3.25,2.875,4.065976,1.640261,0.201195,0.954982,16.63611,2,2,0.168442,0.135639,0.505433,1.169358,1.204049,0.794519,0.565349,0.668276,0.669468,0.551865,0.386439,0.800797
"Susie went to this new restaurant. She was excited to go. All of the sudden though, her order was late. Susie was rather upset. Susie never wanted to go back.",2,2.5,2.5,3,2.25,2.75,3.373888,1.2704,0.200269,0.27091,16.84998,2,2,0.170076,0.82829,0.502484,0.973384,0.036542,1.011487,0.7133,0.322983,0.241138,0.235158,0.260614,0.246576
Kelsi was nervous to go on her first hot air balloon ride. She got some friends together and they went on the balloon. The balloon inched higher in the air and Kelsi tensed up. The view was amazing from high in the air. Kelsi was happy she went on the ride after all.,2.5,2.75,2.25,3,2.375,2.875,2.634476,1.245381,0.078611,0.992978,23.47719,2.5,2,0.176245,0.135876,0.452625,0.437541,0.207615,0.168839,0.287166,0.449741,0.378889,0.352315,0.325449,0.454015
"Cynthia loved staying indoors, she rarely left her home. She often broke down in public places minutes after leaving her house. She was diagnosed with social anxiety and needed medicine to go out. She finally decided to see a shrink about her debilitating condition. She got better within days and now shops for herself every day.",3.75,3.75,3.25,4,3.5,3.875,2.236774,1.28109,0.061653,0.977984,25.01286,3,2,0.206851,0.910732,0.44206,0.403984,0.332433,0.482235,0.198685,0.276162,0.328578,0.279561,0.342953,0.308685
The man mixed a drink. It tasted very good. His friend asked for one. The man made his friend a drink. His friend gave the drink it's own name.,1.25,2.5,3,2.75,2.125,2.625,3.705772,1.841226,0.24405,0.991504,14.77051,2,2,0.165119,0.203415,0.420254,0.243033,0.934627,0.492443,0.485647,0.206175,0.430724,0.210987,0.236506,0.425916
Sal needed a new car. He had no idea what he wanted. He went to the dealership. He took test drives. Sal now has a better idea.,1,1.25,2.5,2.5,1.75,1.875,2.373812,0.828247,0.174508,0.860085,11.51778,2,1,0.172363,0.442381,0.414152,0.376495,0.61093,0.284857,0.212328,0.316137,0.392123,0.333896,0.333328,0.370682
"Tim had smoked for many Year's. He really wanted to quit! So he bought special gum and patches to help him. It was hard, but he persevered. In a few months he had quit for good!",2.5,1.75,3.25,3.5,2.875,2.625,3.810044,1.603944,0.100781,0.99343,15.98045,3,2,0.186222,0.29382,0.407529,0.534942,0.731854,0.657546,0.32916,0.471795,0.462391,0.50069,0.49024,0.143193
"Gina wanted to marry a rich man. So she frequented a rich neighborhood to attract one. While on the subway to get there, she met Matt. He was poor, but her heart started to beat faster. She gave up her dream to marry a rich man to marry love instead.",5,5,3.5,3.25,4.25,4.125,2.867275,1.463059,0.097346,0.996365,24.01696,3.5,3,0.201641,0.457826,0.403128,0.088869,0.494122,0.165803,0.17587,0.171645,0.237263,0.211736,0.206002,0.240215
Allie went to the drive in. But she got bored. So she took out her phone. But there was no service. She was very annoyed.,2.75,3.25,2.75,2,2.75,2.625,3.015069,1.213576,0.299967,0.734654,8.086597,2,2,0.177648,0.77926,0.386758,0.267096,0.605093,0.014692,0.40228,0.331665,0.470547,0.239558,0.252059,0.288437
"Avery is going to the zoo for the first time today! When she gets to the zoo, she heads to see the bear first. The bear is nowhere to be found! She finds the bear in the monkey cage where he doesn't belong! She watches as the zookeepers carefully get the bear back to his cage!",4.25,4.75,4.25,4,4.25,4.375,2.306081,0.732047,0.111298,2.929621,18.32418,3,3,0.176818,0.181897,0.377609,0.306504,0.923023,0.190284,0.304434,0.694307,0.433575,0.613841,0.442665,0.637422
"Jo was selected to appear on a TV game show. She travelled to Hollywood to appear on the show. Jo played the game but soon found herself losing badly. After the final round, Jo came in last place. Jo was upset she lost, but the experience was very fun and memorable.",2.75,3.25,2,2,2.375,2.625,2.696628,1.397726,0.235198,0.99979,23.98747,3,2,0.172204,0.681908,0.372812,0.144928,0.683773,0.67003,0.570638,0.304459,0.129776,0.130103,0.123536,0.163856
Tom was dating a girl with a twin. One night they tried to pull a trick on him. They switched places to see if he would notice. Tom noticed right away. He wasn't fooled for even a minute.,5,5,4.25,3.25,4.625,4.125,3.595518,1.819067,0.08169,0.99596,17.73148,3,2,0.195142,0.398204,0.371921,0.491868,1.043534,1.00156,0.741502,0.177114,0.084168,0.035533,0.064935,0.215108
Becky and her brother Tim were picking out pumpkins. They were going to carve Jack-O-Lanterns. Becky tried to tell Tim which pumpkin to pick. Tim didn't agree and they started fighting over a large pumpkin. Their parents soon stepped in and decided the big one was theirs.,3.5,3.5,3,2.25,3.25,2.875,2.553194,1.274662,0.1077,0.998429,24.76808,3,2,0.174928,0.097471,0.367846,0.653454,0.275689,0.104566,0.02218,0.262183,0.272571,0.154854,0.168447,0.145467
"I was a Brockton Rox fan. They played minor league baseball in Brockton, MA. I saw them play three times. Once I saw El Guapo, a former Red Sox, pitch. I was sad to see the Rox leave pro baseball.",2,1.25,1.75,2.25,1.875,1.75,3.989374,0.542668,0.076596,0.99615,24.92788,2,2,0.178831,0.227022,0.363008,0.465844,1.301894,0.287199,0.531472,0.253122,0.190084,0.194667,0.188368,0.269726
Jessica was redoing her kitchen. She found some beautiful rugs. She spread them out on her kitchen floor. They were exactly what the room had been missing! She couldn't wait to move on to the rest of the house.,2.75,2.25,3,2.5,2.875,2.375,3.109368,1.644433,0.107752,1.988233,15.25396,2,2,0.172103,0.303064,0.346738,0.028407,1.080986,0.31827,0.24732,0.375377,0.252126,0.313726,0.245252,0.387061
The teacher ran over and turned off the tv. She told us to go back to class. The kids started asking what had happened. She said she wasn't sure but it would be okay. It was years before I understood what we had watched.,4.75,4.5,4,3.75,4.375,4.125,3.486453,0.705911,0.069871,0.85613,17.17216,3,2,0.159569,0.021514,0.342971,0.175294,0.540536,0.068049,0.005643,0.209069,0.358965,0.4072,0.408302,0.253019
"I used to use a lawn service to fertilize my grass. After 2 years, I was still getting weeds and clover. I figured out how much I had paid the service over the years. It really was cheaper to fertilize my own lawn. My lawn looks a lot better now.",2.75,2.25,2,3.75,2.375,3,2.657717,0.707844,0.215192,0.927129,21.29807,2,2,0.222774,0.563929,0.338032,0.229113,0.007117,0.044113,0.237927,0.342502,0.611032,0.781339,0.555779,0.3329
Kelly was asked by her neighbors to come babysit. Kelly liked babysitting but the kids were unruly. They were always crying and whining. When Kelly arrived the kids were unbearable. Thankfully they ended up calming down after a snack.,3.25,2.75,3.75,2.5,3.5,2.625,2.965382,0.534554,0.099709,0.992531,17.78854,2,2,0.171249,0.727399,0.326848,0.422826,0.169631,0.187789,0.329948,0.368314,0.621181,0.577995,0.645766,0.306536
Mark was addicted to gambling. He had just gotten his paycheck. Mark went to the casino. He wasted half of his pay gambling. Mark fell behind on his monthly bills.,2.75,2.25,2.25,2.5,2.5,2.375,2.625111,0.965935,0.095696,0.932958,14.60948,2,2,0.173273,0.946878,0.3145,0.50854,0.452817,0.549265,0.534822,0.218638,0.189229,0.258242,0.288393,0.182854
Angie was in a bad marriage. She decided it was time to leave her husband. It was the hardest choice she ever made. The first few days was so rough. Angie finally figured out it was the best decision she made.,3.25,2.75,3,4,3.125,3.375,2.770211,1.352885,0.116953,0.996825,17.93614,2,2,0.164307,0.114465,0.312793,0.03819,0.207248,0.005492,0.153941,0.219911,0.240327,0.207922,0.23081,0.205479
"When we went to get on the go carts, we were stopped. The attendee said we had to wear appropriate shoes. My son was wearing flip flops. Thankfully he was kind and let our son borrow his shoes. We said thank you and our son enjoyed the ride.",3.5,3,3.25,3.25,3.375,3.125,3.28666,1.50807,0.078235,0.996852,20.93171,1.5,2,0.168524,0.188079,0.307321,0.283983,0.456693,0.25862,0.344461,0.195091,0.130403,0.194896,0.219737,0.30174
Tina was being bullied at her job. She reported it to her supervisor. Her supervisor did not believe her. Tina hired a lawyer. Tina sued her employer.,2.75,2.75,3.25,3.25,3,3,3.552155,0.320859,0.117866,0.986432,11.17883,2,2,0.182895,0.204343,0.295252,0.779606,1.353641,0.709348,0.308457,0.167915,0.339929,0.385804,0.453286,0.29628
Dan was the team basketball star at his school. This game determined who would go on to state finals. Dan and his team mates played with all their heart. The game was tied when Dan shot the last basket hoping to make it. The team won by two points and went on to state finals.,3.75,3.25,4.5,3,4.125,3.125,2.982378,1.516286,0.080736,0.993523,23.36423,3,2,0.160458,0.042682,0.286677,0.188423,0.568149,0.097416,0.299161,0.236233,0.228204,0.196848,0.234232,0.137905
"Trina decided to enroll into beauty school. After her first week, she was allowed to cut and dye people's hair. An elderly woman came in, and Trina accidentally dyed her hair pink! Trina apologized to the elderly woman, but she just laughed. She slipped Trina a tip, and told her she made her feel younger.",5,4.5,3.25,4.5,4.125,4.5,3.081939,1.373734,0.107206,0.971728,31.89404,3,3,0.182185,0.15699,0.280271,0.141513,0.079326,0.156869,0.227747,0.328349,0.293372,0.317607,0.275695,0.54249
I was over at my friend's house last week I noticed he had money laying out and took it. He confronted me about it the next day. I denied everything even though he knows it was me. I lost a friendship but gained fifty bucks.,4.5,4.5,3.5,4,4,4.25,2.582534,1.338924,0.072893,0.949008,13.82209,2,2,0.176598,0.046006,0.279857,0.125461,0.49626,0.229361,0.071128,0.458623,0.381455,0.29735,0.249377,0.315189
Arra went to the market for strawberries. But there was such a big selection of fresh fruit! She could not resist buying melons and peaches too. She brought all her finds home in her basket. Arra and her family ate fruit every day for a week!,3.75,2.75,1.75,3,2.75,2.875,4.192177,0.978021,0.098433,0.995556,22.30871,2,2,0.184053,0.062249,0.265537,0.190678,0.470865,0.03639,0.142002,0.176738,0.129068,0.120045,0.109741,0.186354
Alex awoke when the sun rose. She realized she had forgotten to close the shades. She decided to get up since she was already awake. She took an extra long shower because she had the time to. Alex left her house early with a plan to get to work early.,2.25,2.25,2,3,2.125,2.625,3.086875,1.138227,0.137395,0.956392,20.70865,2,2,0.176121,0.114602,0.263382,0.513218,0.294613,0.356285,0.549512,0.222515,0.335421,0.248415,0.247687,0.301401
Matthew wanted to got trick or treating with his friend Micah. Micah already had plans to go trick or treating with his cousins. Matthew's mom suggested Mathew try calling Jack. Jack agreed to trick or treat with Matthew. Jack and Matthew collected lots of candy.,2,1.75,2.5,1.75,2.25,1.75,3.03714,1.438685,0.020874,0.971315,25.74884,2,2,0.17705,0.100082,0.244909,0.619401,0.959787,0.380074,0.160612,0.393398,0.46348,0.418701,0.355196,0.621075
Trevor got his motorcycle license. He'd just bought a motorcycle and couldn't wait to ride it. He went to the dealership and picked up the keys. He drove it home right away. He loved his new bike!,2.25,2.25,2,2.25,2.125,2.25,2.536617,1.455085,0.019223,0.9696,17.14419,2,2,0.189673,0.496808,0.233655,0.253753,0.820859,0.046571,0.193877,0.175516,0.685271,0.344876,0.428049,0.244678
"Once upon a time there lived a man. He was alone, and cold, in a rundown apartment complex. Suddenly, there was a loud sound. He was scared because he was all alone and startled. He was relieved when it was just a stray cat making a lot of noise.",2.75,4,4.25,3.75,3.5,3.875,2.857277,0.529721,0.02982,0.987219,19.38871,2,2,0.180037,0.340553,0.227399,0.242943,0.070898,0.351465,0.208245,0.276228,0.206161,0.191117,0.225363,0.285149
Me and my girlfriend have been dating for a year now. But it seems every time we take two steps forward. The devil makes us go two steps back. LAbor day weekend i put my phone down for a second. My girlfriend seen the texts in my phone and now we over.,3.25,3.5,3,3.25,3.125,3.375,2.481407,1.622634,0.033383,0.960988,23.23478,2,2,0.160371,1.014404,0.224774,0.400813,0.037158,0.64705,0.602896,0.641793,0.45965,0.258285,0.242061,0.520013
Lucy got her nails professionally done. She loved the way they looked. However to her surprise she realized she chipped one. It ruined the entire nail. Lucy went back and had it re done.,2.75,3,1.75,2.25,2.25,2.625,3.284175,0.818935,0.21983,0.997632,16.06229,2,2,0.179808,0.899103,0.220595,0.391662,0.127645,0.963719,0.412548,0.295869,0.29953,0.411879,0.422079,0.264035
"Laura chatted with her friends online everyday. And eventually, she became really good at typing. She entered a typing contest. And everyone was amazed at how she could type 320 words per minute. She won 1st place and chatted online the rest of the day about it.",2.75,3.5,4.5,3.25,3.625,3.375,3.073077,1.349502,0.17393,0.99571,23.25772,3,2,0.187897,0.39161,0.220229,0.020295,0.383296,0.227537,0.096769,0.351382,0.202187,0.231278,0.227294,0.268951
"Sally drives everyday to work. This day was very rainy. The tires on her car were very bald. She had to stop suddenly for a kitten crossing the road. Luckily she stopped in time, but almost hit the kitten.",3.5,3.25,2.25,4,2.875,3.625,4.017512,1.336617,0.093782,0.999503,16.39042,3,2,0.190705,0.444232,0.213602,0.301283,0.259911,0.061198,0.018538,0.287884,0.308006,0.325476,0.35273,0.183963
"Tyler wanted to see a movie with his friends. But none of them could agree on which film to see. At the theater, they were still arguing! So they decided that each guy would see a separate film. They each ended up seeing the movie they wanted to see, alone!",3.75,3.75,2.75,3,3.25,3.375,2.131689,1.359769,0.083137,0.998992,22.01073,2,2,0.164752,0.312119,0.207343,0.018539,0.265514,0.408279,0.054682,0.27189,0.31449,0.249022,0.293244,0.286733
Mikey was looking for a part-time job. Mikey searched online for places to work. He noticed a local gas station for hiring for the night shift. Mikey sent his resume on the company's website. Mikey rejoiced when he landed an interview.,2,1.5,2.75,1.75,2.375,1.625,2.592306,1.183018,0.134152,0.986558,22.8936,2,2,0.199005,0.637193,0.201555,0.084002,0.150029,0.494487,0.096298,0.171686,0.254563,0.120965,0.136098,0.269929
"Hank cried as I tied him to the rails. He called me stupid and some rather profane names. I listened as he sneered that the line had been abandoned for Years. I started to walk away, but paused to look back at Hank. I informed him that of course I knew, no one comes here, at all.",4.5,5,4.25,4.75,4.375,4.875,2.440749,0.987067,0.041676,0.853619,24.71992,4,4,0.163085,0.811903,0.192295,0.003222,0.001454,0.598512,0.025982,0.213167,0.252873,0.220561,0.248327,0.361704
"The soda hit the ground hard. She sighed in frustration that she had ruined it. Picking it up, she put it back in the car. Later she went to get a soda. She forgot, and it fizzed all over her.",4.25,4,3,2.5,3.625,3.25,2.804038,1.365952,0.05597,0.991525,17.85538,2,2,0.16893,0.868726,0.173246,0.237244,0.221201,0.312116,0.014009,0.444972,0.319972,0.330881,0.36809,0.268602
"Colin and Jo were having problems in their marriage. Jo felt that Colin worked too much. On the other hand, Colin felt that Jo didn't appreciate his work. After seeing a marriage counsellor, Jo felt that it was too late. She filed for a divorce because she didn't love him anymore.",4,4.25,3.75,3,3.875,3.625,3.227122,1.233428,0.072645,0.398932,24.51553,2,2,0.190852,0.130638,0.167417,0.437916,0.316161,0.604443,0.422895,0.333342,0.353009,0.351785,0.430081,0.245365
"Travis grew up in a fishing village. The village was running low on fish. Travis set out to find the biggest catch of fish. After three days at sea, Travis had a huge catch. Travis returned to the village as a hero.",4,4.75,2.75,3.75,3.375,4.25,3.495652,1.605179,0.19438,0.9735,20.65257,3,2,0.194969,0.015957,0.158601,0.948903,0.588796,0.376394,0.357292,0.236808,0.660238,0.336368,0.264075,0.311655
Marion was about to move. She was cleaning her house up before the move. She opened up a closet that had been closed for a year. Inside was a bag with some sort of goo on it. She decided to just leave it.,4,3.75,4.75,4,4.375,3.875,2.749121,1.267531,0.242445,0.649292,13.4589,2,2,0.181753,0.035682,0.152427,0.364128,0.148044,0.193422,0.014163,0.105718,0.03642,0.169895,0.156389,0.14739
"Dirk traveled to Japan in early 2013. When there, he visited all sorts of places. He got lost one day, and was unable to find his way back to his hotel. He looked to the skyline and followed familiar buildings. Eventually he found his hotel, after hours of walking.",3,3,2.5,2.25,2.75,2.625,2.854108,1.390773,0.094402,0.998618,23.08198,2,2,0.176537,0.559915,0.151151,0.047557,0.197586,0.523022,0.325441,0.239467,0.219709,0.132408,0.186555,0.221942
Tom was out on a date. He was trying to impress the girl. Tom ordered expensive items even though he couldn't afford them. He severely overdrafted his account. Tom spent weeks paying it off.,3.75,3,2.75,3.75,3.25,3.375,3.067451,1.789538,0.230506,0.982591,18.48534,2,2,0.176241,0.709555,0.145065,0.199868,0.992102,0.149232,0.083207,0.18462,0.379984,0.309975,0.339647,0.172794
Emily loves chewing on ice. She fills up a cup full of ice every night. The ice got stuck on her finger! She had to rip it off. Now she pours water over the ice before touching it.,2.75,3.5,3,2.75,2.875,3.125,3.156601,1.375066,0.072265,0.990208,15.56539,2,2,0.179717,0.13285,0.142718,0.115466,0.366459,0.056003,0.067931,0.317196,0.321335,0.233882,0.236767,0.264065
Will has always wanted to visit Paraguay but he doesn't speak Spanish. He decides to enroll in a local class. He practices Spanish every day for one year. Now Will is a great Spanish speaker. He feels ready for his trip to Paraguay now that he can speak Spanish.,2,1.5,4,3,3,2.25,3.043746,1.414038,0.198662,0.999473,20.70922,2,2,0.178849,0.316124,0.141431,0.040314,0.693569,0.004848,0.350546,0.302232,0.238473,0.189241,0.220452,0.249108
"Last night there were three homicides in the city of Dallas, Texas. Lisa and Monica are sisters who lost their brother and sister in law. Someone robbed the pair and shot them in their home. Two blocks away, a teenager was shot and killed outside of a store. Police think that all three murders were committed by the same person.",5,4.5,4.5,4.5,4.75,4.5,3.269147,0.338748,0.126785,0.989446,25.68041,3.5,2,0.18435,0.258119,0.13699,0.832478,1.139438,0.576717,0.749401,0.256286,0.239029,0.192331,0.144949,0.177409
Justin is with his friend Bill looking for clubs. Justin is tired from trying to find clubs. Bill keeps trying to find the hottest club in town. They eventually give up and waste their whole night on nothing. On the way home with no sleep Justin falls asleep while driving.,4,4.5,2.25,2.25,3.125,3.375,2.439569,0.683089,0.072537,0.95561,23.87178,2,2,0.166333,0.345293,0.133395,0.229578,0.513592,0.305224,0.311555,0.178169,0.296951,0.24669,0.236233,0.16462
I was rushed into my dental appointment yesterday. I apologized to my dentist for not having time to brush my teeth. He shrugged and gave me a big smile. He said he didn't have time to wash his hands after peeing. I hope he was joking on that one.,5,5,4.5,4.25,4.75,4.625,3.32728,1.215536,0.13874,0.072071,17.95544,3,2,0.187964,0.124142,0.128975,0.242727,0.925162,0.264721,0.01307,,,,,
"Carla was enjoying her nutritional drink. She told Janice to try out the drink. Janice had a sip and gave a good comment on it. Unfortunately, she caught a bad stomach ache an hour later. She was stuck in the bathroom for a while.",4.25,4.5,2.75,3,3.5,3.75,3.412613,1.487562,0.096517,0.453107,20.39814,2,2,0.18276,0.920333,0.124186,0.299913,0.043103,0.638118,0.594963,,,,,
"I took my girlfriend to a new arcade that opened up around the town. When he got inside the place, a bunch of kids were wandering around. We also didn't get the chance to sit down since the place was crowded. The waiter told us to be patient. However, we decided to leave and look for an empty restaurant.",2.25,2.5,4,2.75,3.125,2.625,2.910046,1.696892,0.061554,0.99315,25.70421,2,2,0.183215,0.513927,0.106958,0.036369,0.434473,0.464013,0.461064,,,,,
"Gemini had a scar on his left cheek. He was bullied both for his name and his scar. Gemini went to the county office and had his name changed to Jim. Then he bought some makeup to cover up his scar. Now he lives a quiet, nondescript life, and he loves it.",5,4.5,3.75,3.5,4.375,4,3.433523,1.424983,0.070323,0.430818,22.03387,3,2,0.189692,0.558728,0.103701,0.187988,0.195216,0.022529,0.203011,,,,,
My friends and I decided to drive to a music festival 3 hours away. After the show we decided not to get a hotel room. The hotel rooms available were either expensive or not clean. So we decided to just forgo sleep and just drive home. We talked and laughed the entire drive and had a great time.,3.25,3.5,3.75,3.5,3.5,3.5,2.78575,1.194546,0.033091,0.994592,21.44097,3,2,0.184664,0.1434,0.098309,0.115508,0.479073,0.168204,0.164406,,,,,
Jill really wanted to write a song for her boyfriend. She compared lyrics from all her favorite bands. She started to write down lyrics but it didn't seem right. After days and days of work her song was finished. Her boyfriend loved it so much!,2.75,2.75,2.5,2.25,2.625,2.5,2.95885,0.162948,0,0.983465,18.46302,3,2,0.177215,0.972045,0.091823,0.390605,0.719746,0.59225,0.419652,,,,,
"My wife's coworker came to a party last weekend. She brought her husband. The group sat and talked, her husband a way off. Her husband moved to be closer to her, and she was pleased. He said he moved as he could not hear the conversation.",2.5,3,3.25,2.25,2.875,2.625,2.784692,0.924911,0.176176,0.970509,18.14509,2,2,0.168549,0.81878,0.091038,0.16114,0.380926,0.693737,0.583645,,,,,
A thief tried to approach an old lady in the street. He didn't realize that she's a kung fu mentor. She was able to knock him out. He fell on the floor. The police officers came and tool him to jail.,5,5,4,3.25,4.5,4.125,2.360587,1.725878,0.064569,0.586075,16.13593,3,3,0.218121,0.400763,0.087464,0.015413,0.264019,0.083042,0.122706,,,,,
Harry was afraid of heights. His friends convinced him to hang glide. Harry set up life insurance. He jumped off the cliff. He flew into a building.,3,3.5,3.25,4.5,3.125,4,3.025283,1.624203,0.170123,0.582059,12.85548,2,2,0.184878,0.730242,0.086948,0.089812,0.179727,0.285681,0.741304,,,,,
"Anna squeezed into her favorite old jeans. They were a few sizes too small. She managed to zip them, though, so she thought it was okay. But when she crouched later, the jeans ripped! Anna wished she hadn't worn such tight jeans.",5,4,2.5,3.75,3.75,3.875,3.240879,1.005217,0.179145,1.988145,20.01622,2,2,0.187279,0.164158,0.066657,0.07009,0.357959,0.274158,0.243939,,,,,
Tammy and Jane sat down to play a board game. Tammy kept winning each game. They decided to make a rule so Tammy would have a harder time. The next game was much closer. The game after that Jane had won.,3.25,3.25,3.75,2.75,3.5,3,2.682037,0.295169,0.111009,0.998004,17.43299,2,2,0.16268,0.355132,0.061339,0.093877,0.032904,0.214312,0.176254,,,,,
"A hunter was in his hunter's stand in the woods. A bear had approached his stand slowly, with curiosity. The hunter was extremely nervous and lifted his gun. To his horror, the bear climbed the tree and sniffed around the hunter The hunter decided to stay still until the bear left.",4,4,2.75,3,3.375,3.5,2.843763,1.040625,0.087016,0.998737,24.27187,3,2,0.175816,0.296145,0.058647,0.051214,0.007292,0.324426,0.118968,,,,,
"Arthur wanted to start impressing girls. He persuaded his mother to buy him a gold necklace. She bought it and he wore the necklace with pride. But it attracted more guys than girls. Finally, a guy with a group of guys snatched it from Arthur's neck.",5,5,2,4.5,3.5,4.75,2.982998,1.355106,0.186419,0.998657,20.30377,3,2,0.175462,0.236967,0.047503,0.01806,0.044731,0.055647,0.027447,,,,,
Jane's cat ran out the door one day. She went out looking for him. After an hour she went back home. Her cat was waiting by the door for her. Jane laughed a bit and let him in.,3.75,3.75,3.25,3,3.5,3.375,3.022685,1.791259,0.219797,0.981742,14.15454,2,2,0.161808,0.011295,0.047041,0.278824,0.544817,0.144413,0.184262,,,,,
Jane went to an attorney to get a divorce from Jack. The lawyer was polite but informed her she would lose a lot. Jane decided to take a day to think about it. She called the lawyer a week late and told him to proceed. A week later Jack signed the papers somberly.,3.5,3,4,4.5,3.75,3.75,2.492583,1.588315,0.072396,0.993675,24.45152,3,2,0.177703,0.205673,0.033252,0.101684,0.49507,0.138807,0.051439,,,,,
"Leah is nervous about her flight while she waits in the terminal. A man comes up and starts hitting on her. Luckily for Leah, she doesn't have to sit next to him on the flight. She deplanes, and he begins hitting on her again. Leah lets him down and quickly leaves.",4,3.75,3,4,3.5,3.875,3.412336,1.741921,0.029947,0.98488,19.8888,3,2,0.16357,0.343257,0.022871,0.228357,0.828325,0.207131,0.169161,,,,,
There was a boy in a choir who was very rude. He constantly talked while the Director was speaking. The Director asked him if he would like to come up front. It was not as easy to lead a choir as he had thought. The boy was more subdued when he went back to his seat.,4,3.5,3.75,3.25,3.875,3.375,3.05384,1.689738,0.056808,0.983657,18.44721,3,2,0.186081,0.279619,0.022411,0.41236,0.614367,0.318874,0.108236,,,,,
"A little boy played with a ball alone. Someone brought a little girl into the room with him. She wanted to play with the ball and he was afraid to let her. However he allowed her to play with the ball as well. They continued to play until they went home, not alone anymore.",2.5,3.25,2,2.75,2.25,3,2.473624,1.595838,0.060923,0.990851,21.90601,2,2,0.16067,0.32463,0.016572,0.125716,0.604725,0.441334,0.124616,,,,,
Kyle often forgot his clothes at the laundromat. The owner warned him they would be donated if he left them again. Kyle did not want his clothes to be taken away. So he decided to be more attentive and wait for his clothes to finish. Kyle never left any clothes unattended in the laundromat again.,4.25,3.5,3,2.5,3.625,3,2.886794,1.435274,0.053172,0.994832,22.62883,2,2,0.170814,0.201087,0.008491,0.398365,0.517249,0.133496,0.192488,,,,,
Tammy woke up one morning before school. She needed to put on her eye makeup but she had some type of sore. She tried several times but couldn't put on her eye makeup. Instead she decided to go to school without it. She ended up loving it and adopted it as her permanent look.,3.25,4,3.75,3.25,3.5,3.625,2.37209,1.741867,0.058359,0.920421,21.36814,2,2.5,0.18593,0.005837,0.007939,0.073991,0.41328,0.197411,0.36022,,,,,